{"cameraMode":{"drawMode":0,"name":"Shaded","section":"Shading Mode"},"sceneLighting":true,"audioPlay":false,"sceneViewState":{"showFog":true,"showMaterialUpdate":false,"showSkybox":true,"showFlares":true,"showImageEffects":true,"showParticleSystems":true},"in2DMode":false,"pivot":{"x":-800.0499877929688,"y":2.1200056076049806,"z":-3.000000238418579},"rotation":{"x":-0.0023158646654337646,"y":0.9925177097320557,"z":-0.12058170884847641,"w":-0.019062332808971406},"size":112.64073944091797,"orthographic":false}