{"cameraMode":{"drawMode":0,"name":"Shaded","section":"Shading Mode"},"sceneLighting":true,"audioPlay":false,"sceneViewState":{"showFog":true,"showMaterialUpdate":false,"showSkybox":true,"showFlares":true,"showImageEffects":true,"showParticleSystems":true},"in2DMode":false,"pivot":{"x":-102.44835662841797,"y":58.197872161865237,"z":230.75633239746095},"rotation":{"x":0.04048289731144905,"y":-0.9396242499351502,"z":-0.11959502846002579,"w":-0.3180636167526245},"size":17.246612548828126,"orthographic":false}