{"cameraMode":{"drawMode":0,"name":"Shaded","section":"Shading Mode"},"sceneLighting":false,"audioPlay":false,"sceneViewState":{"showFog":true,"showMaterialUpdate":false,"showSkybox":true,"showFlares":true,"showImageEffects":true,"showParticleSystems":true},"in2DMode":false,"pivot":{"x":1.9100000858306885,"y":2.319000005722046,"z":0.0},"rotation":{"x":-0.36311769485473635,"y":-0.04163159057497978,"z":0.01624339632689953,"w":-0.9306710362434387},"size":0.5282248258590698,"orthographic":false}