{"cameraMode":{"drawMode":0,"name":"Shaded","section":"Shading Mode"},"sceneLighting":true,"audioPlay":false,"sceneViewState":{"showFog":true,"showMaterialUpdate":false,"showSkybox":true,"showFlares":true,"showImageEffects":true,"showParticleSystems":true},"in2DMode":false,"pivot":{"x":-0.8431124687194824,"y":11.469964027404786,"z":24.970823287963868},"rotation":{"x":-0.0013183578848838807,"y":0.9888190627098084,"z":-0.148848295211792,"w":-0.008909792639315129},"size":6.744838237762451,"orthographic":false}