{"cameraMode":{"drawMode":0,"name":"Shaded","section":"Shading Mode"},"sceneLighting":true,"audioPlay":false,"sceneViewState":{"showFog":true,"showMaterialUpdate":false,"showSkybox":true,"showFlares":true,"showImageEffects":true,"showParticleSystems":true},"in2DMode":false,"pivot":{"x":4.600001335144043,"y":2.3189964294433595,"z":-0.00002288818359375},"rotation":{"x":-0.015306022949516774,"y":-0.9842193126678467,"z":0.13940951228141786,"w":-0.1079036220908165},"size":31.845165252685548,"orthographic":false}