{"cameraMode":{"drawMode":0,"name":"Shaded","section":"Shading Mode"},"sceneLighting":false,"audioPlay":false,"sceneViewState":{"showFog":true,"showMaterialUpdate":false,"showSkybox":true,"showFlares":true,"showImageEffects":true,"showParticleSystems":true},"in2DMode":false,"pivot":{"x":1.9100000858306885,"y":2.319000005722046,"z":0.0},"rotation":{"x":0.03824888542294502,"y":0.9510735869407654,"z":0.13119901716709138,"w":-0.27709752321243288},"size":0.828224778175354,"orthographic":false}