{"cameraMode":{"drawMode":0,"name":"Shaded","section":"Shading Mode"},"sceneLighting":true,"audioPlay":false,"sceneViewState":{"showFog":true,"showMaterialUpdate":false,"showSkybox":true,"showFlares":true,"showImageEffects":true,"showParticleSystems":true},"in2DMode":false,"pivot":{"x":4.618612289428711,"y":2.689051628112793,"z":-0.12427151203155518},"rotation":{"x":-0.009854241274297238,"y":0.9461755156517029,"z":-0.3222056031227112,"w":-0.02895452454686165},"size":10.299152374267579,"orthographic":false}