{"cameraMode":{"drawMode":0,"name":"Shaded","section":"Shading Mode"},"sceneLighting":false,"audioPlay":false,"sceneViewState":{"showFog":true,"showMaterialUpdate":false,"showSkybox":true,"showFlares":true,"showImageEffects":true,"showParticleSystems":true},"in2DMode":false,"pivot":{"x":-138.0989990234375,"y":2.319000005722046,"z":1.9500000476837159},"rotation":{"x":0.00011590594658628106,"y":-0.9830279350280762,"z":0.18345487117767335,"w":0.0005801758379675448},"size":5.320682048797607,"orthographic":true}