{"cameraMode":{"drawMode":0,"name":"Shaded","section":"Shading Mode"},"sceneLighting":true,"audioPlay":false,"sceneViewState":{"showFog":true,"showMaterialUpdate":false,"showSkybox":true,"showFlares":true,"showImageEffects":true,"showParticleSystems":true},"in2DMode":false,"pivot":{"x":408.9571838378906,"y":241.2964630126953,"z":183.77178955078126},"rotation":{"x":0.12224443256855011,"y":0.04941233620047569,"z":-0.006101544015109539,"w":0.9912505149841309},"size":740.7970581054688,"orthographic":false}