{"cameraMode":{"drawMode":0,"name":"Shaded","section":"Shading Mode"},"sceneLighting":false,"audioPlay":false,"sceneViewState":{"showFog":true,"showMaterialUpdate":false,"showSkybox":true,"showFlares":true,"showImageEffects":true,"showParticleSystems":true},"in2DMode":false,"pivot":{"x":-137.5341033935547,"y":4.606422424316406,"z":2.5514097213745119},"rotation":{"x":0.030576547607779504,"y":-0.9434173703193665,"z":0.09084458649158478,"w":0.3174523413181305},"size":8.929378509521485,"orthographic":true}