{"cameraMode":{"drawMode":0,"name":"Shaded","section":"Shading Mode"},"sceneLighting":false,"audioPlay":false,"sceneViewState":{"showFog":true,"showMaterialUpdate":false,"showSkybox":true,"showFlares":true,"showImageEffects":true,"showParticleSystems":true},"in2DMode":false,"pivot":{"x":30.829999923706056,"y":3.5299999713897707,"z":0.20000000298023225},"rotation":{"x":0.00011590594658628106,"y":-0.9830279350280762,"z":0.18345487117767335,"w":0.0005801758379675448},"size":0.828224778175354,"orthographic":true}