{"cameraMode":{"drawMode":0,"name":"Shaded","section":"Shading Mode"},"sceneLighting":false,"audioPlay":false,"sceneViewState":{"showFog":true,"showMaterialUpdate":false,"showSkybox":true,"showFlares":true,"showImageEffects":true,"showParticleSystems":true},"in2DMode":false,"pivot":{"x":-273.5460205078125,"y":22.69012451171875,"z":-54.55873107910156},"rotation":{"x":-0.005481918808072805,"y":0.9726125597953796,"z":-0.23122097551822663,"w":-0.023059096187353135},"size":1929.79345703125,"orthographic":false}