{"cameraMode":{"drawMode":0,"name":"Shaded","section":"Shading Mode"},"sceneLighting":true,"audioPlay":false,"sceneViewState":{"showFog":true,"showMaterialUpdate":false,"showSkybox":true,"showFlares":true,"showImageEffects":true,"showParticleSystems":true},"in2DMode":false,"pivot":{"x":-122.08741760253906,"y":2.7507894039154054,"z":-0.5190496444702148},"rotation":{"x":-0.005481918808072805,"y":0.9726125597953796,"z":-0.23122097551822663,"w":-0.023059096187353135},"size":9.644349098205567,"orthographic":false}