{"cameraMode":{"drawMode":0,"name":"Shaded","section":"Shading Mode"},"sceneLighting":false,"audioPlay":false,"sceneViewState":{"showFog":true,"showMaterialUpdate":false,"showSkybox":true,"showFlares":true,"showImageEffects":true,"showParticleSystems":true},"in2DMode":false,"pivot":{"x":-134.5500030517578,"y":2.319000005722046,"z":1.9500000476837159},"rotation":{"x":-0.00017286476213485003,"y":0.9933361411094666,"z":-0.11524351686239243,"w":-0.0014900574460625649},"size":5.320682048797607,"orthographic":false}