{"cameraMode":{"drawMode":0,"name":"Shaded","section":"Shading Mode"},"sceneLighting":true,"audioPlay":false,"sceneViewState":{"showFog":true,"showMaterialUpdate":false,"showSkybox":true,"showFlares":true,"showImageEffects":true,"showParticleSystems":true},"in2DMode":false,"pivot":{"x":-63.4431037902832,"y":8.330986976623536,"z":23.597761154174806},"rotation":{"x":-0.0004880890774074942,"y":-0.9727453589439392,"z":-0.0020257632713764908,"w":0.2318667620420456},"size":15.059021949768067,"orthographic":false}