{"cameraMode":{"drawMode":0,"name":"Shaded","section":"Shading Mode"},"sceneLighting":false,"audioPlay":false,"sceneViewState":{"showFog":true,"showMaterialUpdate":false,"showSkybox":true,"showFlares":true,"showImageEffects":true,"showParticleSystems":true},"in2DMode":false,"pivot":{"x":-141.35000610351563,"y":2.319000005722046,"z":1.9500000476837159},"rotation":{"x":0.0034396357368677856,"y":-0.9581488370895386,"z":0.011496024206280709,"w":0.28601911664009097},"size":7.4902424812316898,"orthographic":true}