{"cameraMode":{"drawMode":0,"name":"Shaded","section":"Shading Mode"},"sceneLighting":false,"audioPlay":false,"sceneViewState":{"showFog":true,"showMaterialUpdate":false,"showSkybox":true,"showFlares":true,"showImageEffects":true,"showParticleSystems":true},"in2DMode":false,"pivot":{"x":-134.43850708007813,"y":4.987828254699707,"z":4.047080993652344},"rotation":{"x":-0.010200835764408112,"y":0.9866407513618469,"z":-0.14760294556617738,"w":-0.06818651407957077},"size":0.573715090751648,"orthographic":false}